point0.png,126,11
point1.png,95,152
point2.png,191,1
point3.png,79,128
point4.png,168,145
point5.png,92,107
point6.png,63,148
point7.png,149,118
point8.png,94,95
point9.png,172,75
point10.png,32,105
point11.png,118,161
point12.png,195,78
point13.png,56,96
point14.png,146,102
point15.png,42,211
point16.png,173,166
point17.png,115,123
point18.png,132,0
point19.png,20,174
point20.png,93,39
point21.png,59,81
point22.png,20,183
point23.png,185,153
point24.png,196,73
point25.png,68,112
point26.png,177,37
point27.png,5,192
point28.png,4,64
point29.png,179,33
point30.png,103,157
point31.png,171,110
point32.png,138,143
point33.png,75,81
point34.png,159,209
point35.png,57,48
point36.png,54,133
point37.png,145,109
point38.png,189,54
point39.png,106,176
point40.png,22,44
point41.png,56,69
point42.png,168,122
point43.png,57,98
point44.png,70,20
point45.png,58,87
point46.png,206,126
point47.png,135,135
point48.png,170,175
point49.png,149,213
point50.png,214,72
point51.png,5,20
point52.png,43,106
point53.png,2,37
point54.png,94,34
point55.png,205,66
point56.png,126,186
point57.png,144,93
point58.png,96,89
point59.png,194,26
point60.png,83,198
point61.png,16,27
point62.png,26,155
point63.png,156,9
point64.png,95,141
point65.png,160,168
point66.png,61,56
point67.png,131,41
point68.png,52,214
point69.png,205,139
point70.png,210,165
point71.png,184,57
point72.png,125,207
point73.png,116,65
point74.png,43,74
point75.png,4,44
point76.png,215,113
point77.png,127,94
point78.png,187,29
point79.png,205,156
point80.png,198,31
point81.png,21,121
point82.png,18,150
point83.png,25,135
point84.png,77,205
point85.png,89,31
point86.png,54,23
point87.png,166,171
point88.png,102,37
point89.png,182,45
point90.png,147,40
point91.png,30,157
point92.png,49,97
point93.png,55,77
point94.png,158,137
point95.png,140,82
point96.png,5,66
point97.png,32,66
point98.png,109,100
point99.png,143,184
point100.png,19,4
point101.png,188,122
point102.png,158,20
point103.png,161,81
point104.png,3,155
point105.png,88,202
point106.png,113,67
point107.png,113,162
point108.png,158,92
point109.png,58,165
point110.png,99,217
point111.png,187,218
point112.png,203,34
point113.png,155,179
point114.png,11,209
point115.png,26,118
point116.png,11,115
point117.png,131,76
point118.png,119,20
point119.png,6,186
point120.png,199,77
point121.png,125,155
point122.png,121,127
point123.png,89,196
point124.png,47,20
point125.png,216,217
point126.png,185,52
point127.png,92,78
point128.png,58,105
point129.png,91,123
point130.png,150,185
point131.png,155,52
point132.png,167,70
point133.png,103,97
point134.png,70,215
point135.png,83,39
point136.png,124,126
point137.png,35,126
point138.png,166,70
point139.png,188,83
point140.png,202,198
point141.png,61,136
point142.png,118,79
point143.png,61,88
point144.png,8,125
point145.png,90,219
point146.png,111,27
point147.png,57,100
point148.png,130,14
point149.png,68,62
point150.png,15,74
point151.png,192,54
point152.png,53,113
point153.png,187,10
point154.png,88,83
point155.png,22,214
point156.png,106,111
point157.png,2,129
point158.png,114,206
point159.png,34,177
point160.png,56,212
point161.png,131,48
point162.png,8,20
point163.png,153,4
point164.png,192,115
point165.png,96,69
point166.png,178,139
point167.png,83,33
point168.png,72,44
point169.png,140,145
point170.png,176,68
point171.png,215,127
point172.png,58,35
point173.png,100,161
point174.png,117,161
point175.png,6,117
point176.png,141,93
point177.png,135,54
point178.png,12,174
point179.png,145,216
point180.png,131,80
point181.png,36,181
point182.png,107,177
point183.png,160,21
point184.png,124,26
point185.png,68,161
point186.png,20,91
point187.png,195,9
point188.png,23,49
point189.png,15,130
point190.png,128,45
point191.png,160,42
point192.png,86,196
point193.png,141,3
point194.png,89,105
point195.png,112,125
point196.png,24,169
point197.png,10,192
point198.png,144,193
point199.png,187,102
point200.png,123,33
point201.png,77,76
point202.png,169,99
point203.png,213,179
point204.png,85,192
point205.png,106,204
point206.png,94,122
point207.png,32,19
point208.png,56,167
point209.png,61,94
point210.png,118,176
point211.png,125,160
point212.png,173,147
point213.png,198,34
point214.png,24,165
point215.png,150,11
point216.png,141,34
point217.png,175,56
point218.png,156,7
point219.png,24,90
point220.png,177,75
point221.png,99,203
point222.png,90,91
point223.png,219,184
point224.png,218,39
point225.png,120,33
point226.png,13,150
point227.png,16,101
point228.png,11,88
point229.png,161,47
point230.png,14,62
point231.png,114,215
point232.png,139,136
point233.png,147,10
point234.png,200,156
point235.png,131,143
point236.png,132,158
point237.png,176,209
point238.png,51,115
point239.png,22,215
point240.png,48,119
point241.png,199,10
point242.png,51,156
point243.png,141,96
point244.png,212,42
point245.png,136,91
point246.png,52,190
point247.png,92,101
point248.png,15,67
point249.png,180,90
point250.png,148,47
point251.png,60,156
point252.png,131,212
point253.png,56,214
point254.png,129,139
point255.png,188,212
point256.png,57,137
point257.png,150,104
point258.png,30,157
point259.png,16,184
point260.png,31,42
point261.png,176,130
point262.png,219,52
point263.png,164,164
point264.png,62,78
point265.png,127,59
point266.png,69,166
point267.png,132,90
point268.png,147,45
point269.png,175,193
point270.png,203,111
point271.png,31,9
point272.png,118,141
point273.png,109,202
point274.png,153,11
point275.png,162,149
point276.png,65,209
point277.png,28,35
point278.png,155,34
point279.png,68,171
point280.png,218,120
point281.png,111,39
point282.png,54,55
point283.png,132,184
point284.png,172,54
point285.png,69,64
point286.png,119,122
point287.png,68,113
point288.png,212,158
point289.png,189,81
point290.png,176,104
point291.png,151,200
point292.png,106,79
point293.png,198,84
point294.png,89,88
point295.png,19,16
point296.png,101,158
point297.png,20,80
point298.png,39,185
point299.png,21,89
point300.png,7,217
point301.png,153,140
point302.png,70,191
point303.png,171,122
point304.png,50,110
point305.png,106,8
point306.png,149,5
point307.png,102,184
point308.png,11,20
point309.png,143,119
point310.png,188,136
point311.png,103,153
point312.png,181,105
point313.png,153,115
point314.png,199,127
point315.png,66,191
point316.png,166,209
point317.png,194,143
point318.png,212,42
point319.png,120,17
point320.png,218,63
point321.png,103,29
point322.png,127,90
point323.png,114,214
point324.png,200,10
point325.png,15,171
point326.png,3,95
point327.png,146,191
point328.png,90,197
point329.png,40,144
point330.png,151,177
point331.png,21,173
point332.png,2,26
point333.png,149,153
point334.png,97,212
point335.png,19,86
point336.png,175,202
point337.png,217,63
point338.png,87,213
point339.png,122,65
point340.png,94,39
point341.png,177,4
point342.png,107,61
point343.png,136,60
point344.png,145,106
point345.png,214,132
point346.png,27,86
point347.png,117,131
point348.png,202,88
point349.png,29,150
point350.png,152,144
point351.png,50,2
point352.png,27,84
point353.png,163,115
point354.png,189,197
point355.png,147,219
point356.png,195,137
point357.png,88,57
point358.png,190,152
point359.png,185,113
point360.png,46,18
point361.png,83,164
point362.png,146,211
point363.png,9,150
point364.png,152,162
point365.png,48,39
point366.png,205,191
point367.png,28,101
point368.png,178,158
point369.png,153,194
point370.png,125,156
point371.png,105,204
point372.png,110,206
point373.png,88,59
point374.png,32,139
point375.png,183,125
point376.png,52,151
point377.png,30,169
point378.png,113,136
point379.png,213,11
point380.png,13,172
point381.png,141,155
point382.png,144,133
point383.png,87,160
point384.png,0,130
point385.png,57,13
point386.png,72,101
point387.png,15,162
point388.png,215,159
point389.png,35,39
point390.png,101,187
point391.png,16,15
point392.png,29,75
point393.png,66,100
point394.png,165,175
point395.png,109,117
point396.png,41,210
point397.png,161,157
point398.png,17,99
point399.png,184,96
point400.png,52,123
point401.png,128,209
point402.png,198,96
point403.png,159,153
point404.png,189,209
point405.png,10,163
point406.png,197,44
point407.png,148,79
point408.png,184,47
point409.png,125,92
point410.png,10,69
point411.png,43,148
point412.png,47,39
point413.png,4,62
point414.png,33,194
point415.png,67,19
point416.png,144,214
point417.png,185,184
point418.png,170,91
point419.png,55,155
point420.png,205,49
point421.png,100,216
point422.png,165,63
point423.png,182,160
point424.png,94,183
point425.png,104,155
point426.png,196,50
point427.png,9,50
point428.png,112,196
point429.png,123,215
point430.png,162,208
point431.png,46,168
point432.png,108,4
point433.png,103,175
point434.png,25,202
point435.png,35,200
point436.png,101,49
point437.png,182,125
point438.png,176,21
point439.png,111,211
point440.png,88,77
point441.png,73,115
point442.png,153,195
point443.png,98,118
point444.png,155,186
point445.png,86,199
point446.png,202,42
point447.png,218,206
point448.png,60,181
point449.png,34,73
point450.png,214,197
point451.png,213,18
point452.png,184,93
point453.png,199,37
point454.png,185,128
point455.png,129,58
point456.png,211,101
point457.png,98,2
point458.png,46,78
point459.png,117,131
point460.png,123,141
point461.png,165,81
point462.png,64,40
point463.png,91,200
point464.png,143,29
point465.png,103,44
point466.png,102,147
point467.png,81,159
point468.png,128,123
point469.png,34,16
point470.png,95,56
point471.png,150,87
point472.png,175,86
point473.png,107,26
point474.png,104,67
point475.png,135,214
point476.png,131,174
point477.png,95,75
point478.png,39,152
point479.png,117,171
point480.png,52,60
point481.png,128,163
point482.png,159,97
point483.png,5,207
point484.png,74,216
point485.png,110,148
point486.png,5,192
point487.png,119,62
point488.png,72,155
point489.png,131,51
point490.png,71,52
point491.png,0,2
point492.png,86,29
point493.png,86,209
point494.png,126,201
point495.png,102,28
point496.png,202,182
point497.png,147,128
point498.png,55,184
point499.png,78,120
point500.png,184,150
point501.png,215,158
point502.png,171,142
point503.png,90,32
point504.png,82,124
point505.png,30,171
point506.png,46,191
point507.png,202,131
point508.png,135,218
point509.png,183,5
point510.png,134,119
point511.png,196,113
point512.png,211,131
point513.png,22,23
point514.png,157,84
point515.png,23,67
point516.png,218,208
point517.png,168,183
point518.png,177,116
point519.png,54,213
point520.png,198,24
point521.png,65,208
point522.png,146,183
point523.png,128,27
point524.png,108,118
point525.png,61,17
point526.png,3,91
point527.png,153,29
point528.png,78,20
point529.png,60,24
point530.png,192,55
point531.png,108,183
point532.png,168,15
point533.png,55,217
point534.png,203,117
point535.png,117,120
point536.png,72,208
point537.png,40,103
point538.png,74,161
point539.png,105,30
point540.png,175,10
point541.png,119,81
point542.png,186,94
point543.png,125,37
point544.png,20,8
point545.png,66,123
point546.png,43,113
point547.png,60,150
point548.png,131,203
point549.png,105,31
point550.png,94,121
point551.png,42,162
point552.png,39,25
point553.png,155,150
point554.png,115,84
point555.png,42,210
point556.png,118,32
point557.png,13,67
point558.png,159,26
point559.png,67,13
point560.png,139,137
point561.png,120,101
point562.png,182,183
point563.png,209,92
point564.png,120,40
point565.png,124,188
point566.png,54,101
point567.png,210,175
point568.png,16,42
point569.png,23,25
point570.png,4,9
point571.png,73,23
point572.png,36,81
point573.png,120,207
point574.png,64,100
point575.png,161,117
point576.png,63,41
point577.png,193,166
point578.png,134,133
point579.png,143,170
point580.png,81,68
point581.png,218,117
point582.png,94,98
point583.png,65,213
point584.png,48,89
point585.png,23,50
point586.png,136,49
point587.png,66,8
point588.png,10,79
point589.png,191,40
point590.png,28,188
point591.png,98,72
point592.png,197,42
point593.png,39,162
point594.png,119,61
point595.png,94,150
point596.png,165,56
point597.png,104,151
point598.png,81,198
point599.png,115,137
point600.png,20,216
point601.png,55,50
point602.png,175,31
point603.png,212,153
point604.png,218,163
point605.png,167,4
point606.png,152,39
point607.png,94,15
point608.png,68,146
point609.png,181,4
point610.png,105,59
point611.png,148,102
point612.png,208,101
point613.png,92,72
point614.png,27,159
point615.png,51,115
point616.png,37,142
point617.png,201,216
point618.png,204,212
point619.png,14,194
point620.png,55,103
point621.png,72,207
point622.png,79,124
point623.png,29,11
point624.png,0,62
point625.png,13,187
point626.png,48,149
point627.png,25,103
point628.png,102,119
point629.png,101,215
point630.png,36,34
point631.png,193,160
point632.png,194,113
point633.png,131,120
point634.png,97,108
point635.png,138,142
point636.png,144,126
point637.png,45,168
point638.png,62,205
point639.png,66,213
point640.png,146,57
point641.png,186,169
point642.png,34,208
point643.png,98,212
point644.png,109,52
point645.png,207,115
point646.png,113,12
point647.png,33,70
point648.png,159,170
point649.png,177,136
point650.png,128,186
point651.png,29,204
point652.png,180,155
point653.png,57,24
point654.png,141,63
point655.png,185,93
point656.png,135,115
point657.png,193,22
point658.png,94,130
point659.png,80,136
point660.png,200,63
point661.png,77,57
point662.png,15,218
point663.png,98,99
point664.png,16,41
point665.png,205,53
point666.png,54,169
point667.png,23,141
point668.png,38,7
point669.png,182,80
point670.png,59,181
point671.png,78,64
point672.png,215,90
point673.png,145,13
point674.png,203,145
point675.png,175,131
point676.png,200,9
point677.png,155,48
point678.png,39,34
point679.png,182,171
point680.png,72,181
point681.png,69,193
point682.png,36,147
point683.png,203,17
point684.png,39,119
point685.png,162,117
point686.png,142,72
point687.png,112,6
point688.png,69,75
point689.png,180,180
point690.png,1,191
point691.png,140,115
point692.png,94,15
point693.png,36,217
point694.png,12,181
point695.png,150,139
point696.png,66,159
point697.png,61,24
point698.png,104,100
point699.png,186,18
point700.png,52,41
point701.png,141,136
point702.png,87,73
point703.png,198,3
point704.png,112,92
point705.png,198,174
point706.png,200,5
point707.png,67,179
point708.png,211,136
point709.png,155,48
point710.png,177,26
point711.png,38,219
point712.png,78,51
point713.png,195,201
point714.png,165,74
point715.png,161,37
point716.png,4,29
point717.png,73,162
point718.png,62,133
point719.png,161,206
point720.png,12,154
point721.png,81,24
point722.png,8,91
point723.png,159,167
point724.png,47,4
point725.png,203,117
point726.png,173,199
point727.png,140,91
point728.png,136,151
point729.png,189,200
point730.png,179,135
point731.png,128,163
point732.png,36,21
point733.png,27,199
point734.png,98,27
point735.png,96,133
point736.png,166,215
point737.png,77,58
point738.png,180,106
point739.png,135,8
point740.png,210,86
point741.png,153,84
point742.png,103,133
point743.png,162,125
point744.png,15,30
point745.png,125,46
point746.png,70,125
point747.png,173,200
point748.png,197,34
point749.png,201,82
point750.png,154,5
point751.png,54,150
point752.png,20,219
point753.png,33,152
point754.png,65,214
point755.png,81,89
point756.png,84,150
point757.png,213,95
point758.png,127,81
point759.png,208,187
point760.png,159,180
point761.png,23,140
point762.png,165,210
point763.png,172,134
point764.png,153,47
point765.png,40,160
point766.png,207,127
point767.png,167,179
point768.png,25,20
point769.png,107,20
point770.png,12,29
point771.png,64,46
point772.png,212,122
point773.png,54,187
point774.png,28,105
point775.png,213,191
point776.png,0,181
point777.png,22,63
point778.png,65,82
point779.png,213,61
point780.png,24,103
point781.png,71,201
point782.png,95,15
point783.png,169,42
point784.png,50,217
point785.png,156,102
point786.png,198,77
point787.png,75,53
point788.png,107,37
point789.png,31,175
point790.png,193,158
point791.png,162,218
point792.png,66,63
point793.png,68,141
point794.png,117,131
point795.png,132,146
point796.png,14,9
point797.png,187,99
point798.png,200,134
point799.png,38,95
point800.png,63,191
point801.png,58,105
point802.png,168,42
point803.png,44,67
point804.png,52,52
point805.png,147,28
point806.png,217,111
point807.png,107,0
point808.png,147,29
point809.png,148,87
point810.png,53,4
point811.png,155,115
point812.png,15,23
point813.png,15,35
point814.png,210,71
point815.png,99,68
point816.png,52,218
point817.png,214,157
point818.png,120,165
point819.png,40,169
point820.png,44,212
point821.png,190,141
point822.png,215,58
point823.png,65,142
point824.png,184,65
point825.png,21,72
point826.png,39,125
point827.png,206,76
point828.png,197,18
point829.png,47,36
point830.png,96,98
point831.png,32,129
point832.png,46,26
point833.png,94,43
point834.png,201,219
point835.png,92,145
point836.png,183,103
point837.png,115,13
point838.png,95,135
point839.png,27,142
point840.png,161,62
point841.png,26,210
point842.png,119,84
point843.png,103,135
point844.png,42,114
point845.png,161,165
point846.png,147,128
point847.png,88,80
point848.png,63,103
point849.png,0,157
point850.png,163,185
point851.png,10,187
point852.png,185,43
point853.png,62,67
point854.png,100,59
point855.png,211,82
point856.png,69,74
point857.png,22,159
point858.png,106,20
point859.png,115,66
point860.png,150,24
point861.png,125,12
point862.png,182,8
point863.png,93,116
point864.png,157,31
point865.png,33,13
point866.png,106,162
point867.png,45,80
point868.png,185,152
point869.png,132,162
point870.png,10,144
point871.png,20,106
point872.png,192,171
point873.png,65,23
point874.png,120,101
point875.png,14,60
point876.png,215,125
point877.png,42,194
point878.png,18,36
point879.png,66,172
point880.png,44,82
point881.png,93,152
point882.png,10,206
point883.png,204,144
point884.png,189,27
point885.png,124,174
point886.png,185,127
point887.png,35,5
point888.png,152,71
point889.png,188,182
point890.png,35,30
point891.png,148,207
point892.png,206,206
point893.png,41,75
point894.png,24,75
point895.png,135,79
point896.png,214,72
point897.png,155,167
point898.png,19,147
point899.png,70,86
point900.png,208,186
point901.png,131,9
point902.png,109,84
point903.png,54,212
point904.png,215,161
point905.png,214,35
point906.png,146,137
point907.png,35,38
point908.png,113,169
point909.png,116,216
point910.png,112,72
point911.png,1,120
point912.png,21,210
point913.png,150,82
point914.png,147,155
point915.png,96,55
point916.png,41,197
point917.png,134,30
point918.png,146,88
point919.png,182,30
point920.png,22,30
point921.png,22,134
point922.png,145,91
point923.png,16,173
point924.png,6,216
point925.png,215,23
point926.png,34,110
point927.png,138,203
point928.png,131,51
point929.png,179,71
point930.png,94,31
point931.png,160,24
point932.png,116,53
point933.png,113,152
point934.png,8,44
point935.png,29,106
point936.png,108,10
point937.png,160,181
point938.png,142,38
point939.png,36,112
point940.png,49,59
point941.png,105,204
point942.png,38,88
point943.png,162,136
point944.png,46,103
point945.png,101,45
point946.png,129,92
point947.png,158,170
point948.png,173,40
point949.png,76,195
point950.png,91,166
point951.png,55,217
point952.png,2,48
point953.png,156,73
point954.png,206,203
point955.png,170,25
point956.png,10,32
point957.png,159,14
point958.png,13,47
point959.png,167,146
point960.png,94,127
point961.png,78,130
point962.png,193,23
point963.png,214,182
point964.png,85,43
point965.png,204,29
point966.png,99,70
point967.png,18,145
point968.png,159,159
point969.png,13,208
point970.png,136,32
point971.png,54,75
point972.png,125,136
point973.png,153,134
point974.png,132,118
point975.png,110,72
point976.png,101,143
point977.png,19,123
point978.png,19,10
point979.png,66,65
point980.png,64,127
point981.png,157,141
point982.png,108,70
point983.png,76,89
point984.png,207,75
point985.png,187,96
point986.png,134,77
point987.png,131,108
point988.png,116,194
point989.png,178,46
point990.png,114,219
point991.png,184,216
point992.png,213,89
point993.png,5,79
point994.png,1,62
point995.png,39,146
point996.png,56,219
point997.png,169,145
point998.png,13,155
point999.png,60,23
